no,nama,usia,alamat
1,Chris,40,83 Nudvun Drive
2,Frank,28,444 Fugtif Boulevard
3,Lawrence,54,1268 Duvof Street
4,Phillip,29,684 Vebna View
5,Donald,59,48 Bihof Manor
6,Randall,35,1211 Wocuh Way
7,Charles,63,1115 Haneju Ridge
8,Sally,51,248 Legu Grove
9,Rachel,54,1103 Ticcop Drive
10,Billy,55,103 Salzof Key
11,Clayton,42,492 Tebver View
12,Rhoda,63,113 Kigogo View
13,Walter,42,328 Sezo Center
14,Jeffrey,47,1759 Nidobo Drive
15,Rosa,49,931 Upcep Junction
16,Herbert,42,1297 Tezac Trail
17,Amelia,43,1079 Hidod Drive
18,Emma,57,1729 Cuplif Parkway
19,Lena,65,1021 Veztic Center
20,Hester,62,780 Lolu Center
21,Winifred,43,5 Izira Mill
22,David,26,1373 Amwi Road
23,Chase,52,1831 Giho Circle
24,John,41,1759 Ajato Center
25,Gerald,45,1212 Rewbo Mill
26,Hunter,35,337 Tirca Center
27,Edwin,53,897 Etwu Highway
28,Lucille,36,1002 Hizci Pike
29,Harriett,54,991 Loha Square
30,Dora,18,5 Zekin Grove
31,Isabel,57,152 Demi Court
32,Harriett,29,1936 Cimni Loop
33,Robert,44,508 Irtal View
34,Oscar,49,1550 Azgu View
35,Olive,48,440 Zavhu Center
36,Alex,36,1716 Wigez Way
37,Eleanor,21,511 Dabi Parkway
38,Mable,43,609 Pudof Key
39,Hallie,29,804 Ditaz View
40,Louise,39,901 Hubi Key
41,Charlotte,39,1939 Podrom Junction
42,Shawn,40,943 Daosa Loop
43,Micheal,20,563 Kifa Circle
44,Julian,22,1973 Sotsol Center
45,Marion,39,1534 Heba Key
46,Clifford,28,695 Marro Glen
47,Franklin,19,1999 Mesok Parkway
48,Lou,61,605 Gadno Loop
49,Elva,56,1654 Idcu Loop
50,Julia,60,686 Soci Turnpike
51,Kyle,33,1683 Ezacu Square
52,Beulah,58,1638 Lenat Junction
53,Jesus,55,1191 Keuri Lane
54,Edith,26,1625 Imeju Ridge
55,Myra,31,1497 Bicud View
56,Francis,21,745 Reccoz Avenue
57,Amy,65,468 Vurgi Point
58,Alan,58,1388 Golmun Highway
59,Lida,57,842 Bonmi Circle
60,Minerva,25,78 Neflo Point
61,Fanny,32,1390 Leghot River
62,Floyd,42,1893 Ocizut Highway
63,Christine,54,355 Nipge Path
64,Edward,62,1562 Haut Ridge
65,Frank,50,1943 Enade Terrace
66,Erik,40,1377 Wilin Path
67,Teresa,33,643 Fipol Highway
68,Jennie,43,1418 Vica Court
69,Antonio,55,1143 Fiovo Trail
70,Bettie,54,133 Wosuj Court
71,Phoebe,33,1895 Uvedoh River
72,Loretta,21,363 Rozmu Parkway
73,Beatrice,49,1526 Umabod Drive
74,Elnora,63,300 Giwic Way
75,Dennis,19,762 Igaja Way
76,Ellen,19,1555 Zagde Drive
77,Glenn,47,1126 Kiov Junction
78,Rosetta,56,1080 Kipvav Manor
79,Charlie,21,16 Teip Trail
80,Minerva,46,861 Opiz Path
81,Adeline,49,719 Ifawon Drive
82,Lura,20,1516 Omjew Terrace
83,Mae,18,1748 Denun Mill
84,Blake,59,374 Riri Drive
85,Clayton,57,1559 Peba Terrace
86,Sam,55,1761 Asnu Heights
87,Nellie,40,145 Rewom Heights
88,Lydia,27,57 Zatu Park
89,Rhoda,45,639 Ziphe Trail
90,Nicholas,60,702 Jisa Drive
91,Clarence,43,674 Tilaf View
92,Chase,53,1635 Udja View
93,Charlotte,23,202 Dapid Lane
94,Grace,28,1082 Meju Park
95,Gerald,31,109 Zowko Circle
96,Steven,60,1482 Zutgi Road
97,Lucile,36,1472 Ejkif Junction
98,Aaron,24,1656 Pufze Ridge
99,Floyd,21,1334 Dumfo Key
100,Carolyn,20,714 Ilter Loop
101,Jack,30,932 Puju Place
102,Hallie,30,861 Dulol Junction
103,Tyler,23,995 Wuvfar Drive
104,Derrick,33,1873 Diga Manor
105,Mike,64,599 Tisumo Parkway
106,Landon,48,76 Rapa Court
107,Jayden,57,1509 Nike Highway
108,Mason,56,1291 Suvon Mill
109,Jon,42,1344 Tezof Square
110,Pearl,62,14 Efni Ridge
111,Bess,31,530 Dugud Glen
112,Augusta,60,16 Ivienu Trail
113,Ann,47,1482 Runjav Ridge
114,Inez,43,947 Maawo View
115,Mildred,32,234 Uzofe Street
116,Antonio,42,661 Kaube Key
117,Floyd,63,151 Gowwe Grove
118,Arthur,41,696 Esoeka Terrace
119,Jack,50,215 Jadil Square
120,Seth,60,908 Sakvi Square
121,Nettie,65,1988 Hozi Lane
122,Georgia,60,1971 Ubibum Boulevard
123,Allen,31,1591 Ecomel Pass
124,Russell,32,52 Uneiz Terrace
125,Micheal,56,1547 Tegge Square
126,Kathryn,25,672 Tehtad Pike
127,Claudia,20,589 Mozze Trail
128,Leroy,32,659 Egize Park
129,Bernard,44,980 Sinuv Highway
130,Benjamin,54,558 Vokje Terrace
131,Philip,49,1179 Faki Lane
132,Andre,45,655 Ejce Pass
133,Nathaniel,27,300 Huwul Key
134,Lawrence,54,1147 Gutes Glen
135,Jimmy,34,92 Kenbo Center
136,Lulu,54,334 Gutwuv Path
137,Alta,22,431 Obial Lane
138,Brian,50,1138 Ekotos Manor
139,Lida,19,768 Wiwlo Circle
140,Maggie,50,813 Iwiga Turnpike
141,Steven,38,523 Zutuc Loop
142,Hulda,59,556 Umle Center
143,Steve,52,1790 Zowjoc Boulevard
144,Flora,33,1404 Duhol River
145,Lucas,26,1569 Salu Trail
146,Elva,34,1096 Wume Mill
147,Dale,44,1231 Cahod Center
148,Abbie,34,1657 Winvu Road
149,Rodney,22,612 Woem Pass
150,Maud,65,308 Udve Manor
151,Teresa,39,340 Gili Terrace
152,Randall,34,1366 Givaz Grove
153,Daniel,53,652 Biphuh Junction
154,Cecelia,33,1198 Ihbip Turnpike
155,Cora,24,1651 Nujug Street
156,Dale,25,648 Saubi Street
157,Lucinda,27,764 Imiobe Circle
158,Theodore,62,665 Fogce Parkway
159,Hulda,42,1662 Woava Parkway
160,Marie,45,1138 Suwo Highway
161,Raymond,53,685 Mijo Key
162,Ann,18,1951 Ipril Turnpike
163,Lucille,51,132 Hobo Manor
164,Carl,55,1960 Memu Terrace
165,Travis,64,1061 Vore Square
166,Ray,38,126 Vahbo Mill
167,Phoebe,31,6 Sijmo Street
168,Rhoda,32,142 Fujeti Turnpike
169,Blake,33,682 Fufe Glen
170,Grace,49,751 Lijse Way
171,Stella,60,1742 Magcec Drive
172,Harry,30,1444 Zara Court
173,Ida,50,97 Boveb Place
174,Amelia,60,180 Rece Glen
175,Dustin,50,1465 Cakugu Loop
176,Genevieve,33,279 Nifmuz Grove
177,Donald,44,1999 Tunle Trail
178,Larry,47,372 Etiabo River
179,Scott,50,983 Kifa Lane
180,Jessie,37,86 Zadu Path
181,Douglas,60,93 Peki Parkway
182,Wesley,22,5 Wawgol Key
183,Christina,54,392 Fupsoj Boulevard
184,Barbara,50,1727 Cifolo Grove
185,Luella,50,1084 Hapcac Square
186,Della,19,1014 Juzum Terrace
187,Georgia,65,512 Luslo Highway
188,Donald,59,801 Icenuh Lane
189,Garrett,38,534 Fecfap Heights
190,Sylvia,49,1472 Bifof Way
191,Rosie,19,499 Vovi Extension
192,Raymond,55,1683 Vajab Junction
193,Mabelle,48,1452 Hoodo Extension
194,Grace,20,1121 Kezho Center
195,Kenneth,28,802 Vaknuz Way
196,Barry,21,555 Cocu Court
197,Joseph,58,1491 Puknok Heights
198,Eva,27,1176 Navbej Junction
199,Matthew,44,1221 Oheoro River
200,Lucille,43,482 Zukvi Heights
201,Rena,43,1491 Haaw Lane
202,Adele,43,1782 Wedke Boulevard
203,Eugene,32,1549 Erjad Square
204,Brent,60,944 Obine Heights
205,Josephine,64,2000 Uhozot View
206,Emily,20,1445 Mohas Avenue
207,Phoebe,18,1169 Lobij Turnpike
208,Cecelia,40,815 Beva Avenue
209,Addie,60,1775 Ciju Pike
210,Tom,58,1984 Celog Grove
211,Mildred,29,493 Joha Road
212,Keith,26,1083 Tibu Road
213,Myra,64,587 Alpu Park
214,Edward,43,132 Lefa Circle
215,Martha,49,1585 Tokral Junction
216,Landon,64,1408 Ziado Drive
217,Edwin,28,923 Millut Mill
218,Craig,30,113 Ibku Loop
219,Angel,25,1661 Tugo River
220,Mason,61,548 Ejosov Extension
221,Lida,40,215 Uvuve Ridge
222,Vera,43,1014 Bahvo Square
223,Chad,20,971 Toknok Terrace
224,Tommy,25,1348 Lonco View
225,Jason,55,126 Enci Heights
226,Wayne,22,55 Coketa Circle
227,Keith,34,584 Jein Glen
228,Ina,51,1316 Lacrad Highway
229,Zachary,49,1470 Nihde Key
230,Celia,25,1169 Poji Point
231,Blanche,54,194 Gafsop Mill
232,Bessie,54,86 Sodda Square
233,Leonard,21,826 Wulzip Way
234,Patrick,41,824 Gopoku Turnpike
235,Amelia,20,658 Omouti Street
236,Eva,26,1790 Suri Center
237,Carlos,44,631 Reni Pike
238,Essie,40,1477 Afola Key
239,Timothy,40,1912 Javew Center
240,Estelle,26,1636 Kezep Glen
241,Mabelle,20,1020 Ufeinu Glen
242,Jim,30,1279 Totde Street
243,Alexander,26,1410 Fotej Terrace
244,Esther,42,870 Bovza Court
245,Nina,56,735 Puwzu Plaza
246,Essie,38,1378 Esime Grove
247,Clifford,62,406 Titjec Circle
248,Alan,29,1240 Juzjiw View
249,Allen,24,574 Jufil Way
250,Rebecca,47,829 Jiggi Circle
251,Bill,27,1816 Catip Highway
252,Polly,41,1472 Niwub Manor
253,Flora,36,61 Cusi Place
254,Mittie,58,1062 Loso Glen
255,Ricky,22,946 Botu Boulevard
256,Gordon,38,851 Emred Ridge
257,Mittie,60,308 Adfi Highway
258,Donald,59,997 Kiwfaf Terrace
259,Alice,22,1190 Sicel Avenue
260,Mary,29,296 Vigtod Point
261,Francis,33,1311 Lazah Ridge
262,Carlos,21,113 Zincip Center
263,Hattie,19,272 Gedge Pass
264,Adeline,65,1837 Ruma Square
265,Josie,49,696 Abwi Street
266,Katharine,47,1062 Orfu Path
267,Cornelia,23,203 Polu Heights
268,Maud,58,1351 Jome Loop
269,Hattie,28,1803 Dagat Square
270,Rena,46,1481 Joze Drive
271,Lela,61,214 Zauf Manor
272,Beatrice,39,727 Gero Court
273,Jordan,21,1294 Karfug River
274,Abbie,54,110 Tohgi Park
275,Belle,59,498 Koldo Turnpike
276,Scott,19,1951 Robe Trail
277,Inez,23,447 Kuek Pass
278,Milton,60,209 Vabin Path
279,Leo,49,681 Zadtof View
280,Eva,18,1449 Ubci Street
281,Don,47,1157 Dico Path
282,Jon,63,1505 Jetuhu Drive
283,Jayden,43,1453 Fujha Center
284,Cameron,65,964 Juso Pass
285,Virgie,50,767 Mobez View
286,Bertha,56,120 Tegsa Terrace
287,Ernest,23,1309 Duovu Highway
288,Bradley,59,1490 Arnup Turnpike
289,Dorothy,65,1085 Hebrek Drive
290,Rhoda,52,1658 Momwik Glen
291,Leon,20,31 Majdo Glen
292,Gary,58,1827 Lubdic Park
293,Antonio,51,923 Rizad Road
294,Luis,24,1529 Pecup Place
295,Mittie,63,1532 Liak Grove
296,Gene,34,1949 Ururut Grove
297,Susie,18,568 Hufej Turnpike
298,Sadie,60,1412 Worut Pike
299,Harold,39,1418 Cooco Drive
300,Violet,58,328 Petfe View
301,Daisy,42,350 Kofbe Turnpike
302,Stanley,58,1152 Acis Key
303,Lida,61,1549 Maku River
304,Thomas,53,1942 Nofdi Plaza
305,Vernon,20,1437 Adumes Extension
306,Pauline,33,1798 Dagol View
307,Katherine,20,1865 Omucum Circle
308,Phillip,64,700 Cumug Key
309,Erik,23,279 Zosag Lane
310,Harriett,20,840 Keta Court
311,Micheal,34,840 Ekosij Terrace
312,James,31,784 Zafho Turnpike
313,Charles,46,1249 Sike Heights
314,Gary,32,1869 Soblal Trail
315,Isaac,19,1045 Paplaf Turnpike
316,Loretta,48,848 Hebes Drive
317,Michael,21,512 Zigok Pass
318,Micheal,40,1525 Uzozo Plaza
319,Wayne,26,310 Falzal Lane
320,Bruce,56,1675 Zodre Way
321,Phoebe,44,1929 Wobun Point
322,Carlos,42,592 Titra Boulevard
323,Wayne,60,444 Sino Path
324,Georgia,52,782 Viro Turnpike
325,Mittie,18,1296 Narez Court
326,Brian,33,301 Naave Park
327,Steve,29,1543 Deise Extension
328,Eugene,65,212 Imizev Road
329,Sue,39,365 Nupvas Mill
330,Amy,26,780 Gawfa Loop
331,Frederick,57,1394 Upina Path
332,Winnie,33,816 Rume Heights
333,Rodney,39,1220 Judcud Point
334,Trevor,40,406 Coreje Parkway
335,Ruth,52,569 Lige Junction
336,Mathilda,58,173 Lafvi Junction
337,Ian,31,1176 Lohmo View
338,Hulda,52,1831 Zurhe Pike
339,Esther,43,1866 Cozmoj Pass
340,Elva,20,859 Arote Turnpike
341,Raymond,23,1192 Gisus Road
342,May,64,536 Bopum Key
343,Mildred,63,1750 Nifhi Highway
344,Madge,37,322 Tievu View
345,Ora,20,402 Riiw Junction
346,Katie,26,696 Jojvo Key
347,Alta,49,1532 Fomtuj Highway
348,Pearl,24,1844 Nabsan Circle
349,Kenneth,31,386 Ezig River
350,Scott,38,1000 Keni Terrace
351,Callie,58,420 Hijivi Court
352,Brian,51,854 Awagok Point
353,Garrett,36,672 Jabgi Glen
354,Lydia,30,1086 Tejde Grove
355,Bess,63,1276 Pecac Square
356,Eugene,24,986 Tiwoma Drive
357,Madge,38,594 Ruroh Turnpike
358,Jerome,61,556 Hibul Parkway
359,Allie,25,1654 Gasfu Trail
360,Raymond,53,1239 Kusu Junction
361,Viola,30,506 Golav Way
362,Augusta,47,600 Fepve Grove
363,Martin,55,1815 Tagal Point
364,Martin,36,309 Ubbo Highway
365,Mamie,57,722 Tenuj Extension
366,May,40,841 Owuh Mill
367,Alfred,31,1393 Lemge Key
368,Roger,58,1102 Imipi Junction
369,Genevieve,44,1113 Polra River
370,Adam,26,18 Cape Pass
371,Dean,56,1713 Tajreh Junction
372,Barry,51,1684 Furzir Loop
373,Lee,28,72 Bokse Extension
374,Amy,26,500 Muuna Circle
375,Kate,48,1521 Keope Extension
376,Leonard,51,60 Enedil Plaza
377,Frederick,38,348 Jimlu Lane
378,Sean,24,1867 Uksaz Turnpike
379,Lucille,57,1284 Meve Trail
380,Marc,41,1566 Vaip Circle
381,Jerome,18,1604 Gemok Pike
382,Fannie,43,1068 Cokic Way
383,Ivan,53,623 Micom Junction
384,Ryan,18,745 Veoma Highway
385,Derrick,44,272 Sadu View
386,Vincent,19,429 Kunace Center
387,Jose,31,1571 Nasu Pass
388,Rebecca,46,365 Lissa Pass
389,Kenneth,32,512 Hauro Ridge
390,Martin,49,852 Hiov Square
391,Dominic,57,1040 Rowi Grove
392,Millie,28,1608 Roohu Place
393,Rachel,52,433 Efuv Way
394,Robert,55,518 Hupmaf Ridge
395,Aaron,62,961 Gobnoz Circle
396,Helen,51,1834 Jedo Square
397,Vera,24,1950 Tiru Pike
398,Jennie,19,1476 Umije Mill
399,Jackson,32,159 Ozouk Drive
400,Corey,63,1677 Cojhab Street
401,Ray,50,1848 Awimi Pike
402,Katie,20,815 Bocuf River
403,Harvey,34,1516 Anuwip Park
404,Bruce,32,1960 Wuwbom Extension
405,Wayne,56,624 Avoife Loop
406,Donald,30,736 Reri Court
407,Irene,18,1684 Nebo Extension
408,Fred,38,488 Catkor Court
409,Wayne,49,759 Emewoc Pass
410,Lida,35,209 Doowi Mill
411,Grace,31,194 Vohla Circle
412,Glenn,36,1948 Epupur View
413,Joel,65,127 Wujok Junction
414,Caleb,27,397 Cafin Way
415,Myra,37,276 Dogu Highway
416,Rosie,48,1778 Wizo Glen
417,Francisco,59,520 Dolja Highway
418,Elmer,20,683 Wuwuj View
419,Christian,31,1423 Beova Pike
420,Jared,60,105 Bepem Circle
421,Eula,46,1117 Zagci Mill
422,Lena,63,579 Gazip Junction
423,Antonio,52,835 Ijro Center
424,Jeremy,20,1920 Jafube Court
425,Hilda,64,721 Takjar Lane
426,Richard,53,1462 Seep Plaza
427,George,37,1091 Lomi Park
428,Mitchell,43,1212 Egdu Heights
429,Loretta,42,930 Bobvi Place
430,Cecilia,25,267 Dudbir Path
431,David,43,863 Fijro Turnpike
432,Rena,45,571 Owpaj View
433,Danny,38,1546 Keber Parkway
434,Tillie,60,1911 Etava Heights
435,Rosetta,65,30 Ubaziz View
436,Gavin,36,1599 Nitba Way
437,Owen,53,1691 Punuto View
438,Bettie,41,1103 Detri Center
439,Lily,21,145 Recho Turnpike
440,Georgie,25,139 Dicmod Square
441,Mary,57,1327 Hooz Center
442,Ivan,18,475 Cesi Way
443,Vera,47,1302 Lekwo Park
444,Cole,50,303 Rudge Grove
445,Chad,29,1983 Nabsir Path
446,Sadie,48,1971 Ripcac Heights
447,Andre,28,787 Vakgid Circle
448,Lela,65,757 Pegi Mill
449,Dean,23,307 Bisu Point
450,Leonard,42,1860 Gaba Point
451,Russell,57,778 Giro Square
452,Wayne,18,1622 Kohbac Turnpike
453,Manuel,62,954 Ogmu Extension
454,Douglas,30,1236 Ipsi Court
455,Olive,53,220 Goca Trail
456,Evan,64,138 Cedip Glen
457,Cameron,54,348 Rovni Boulevard
458,Patrick,65,1741 Rosbi Key
459,Ina,53,1319 Iniot Pass
460,Joseph,25,184 Jiwef Ridge
461,Aiden,45,608 Soko Drive
462,Florence,63,1356 Budkof Path
463,Eric,45,1757 Vinos Trail
464,Elmer,46,1376 Wisgem Turnpike
465,Connor,43,1021 Nori Pike
466,Teresa,26,1069 Miwa Junction
467,Tom,50,346 Hotzu Way
468,Adele,46,1660 Laci Point
469,Eliza,18,1203 Ruega Key
470,Ann,34,1962 Jadoz Path
471,Jeanette,42,777 Ebauh Junction
472,Victor,36,271 Bumzi Key
473,Richard,20,840 Siaki Grove
474,Della,36,1064 Okutih Turnpike
475,Caroline,48,105 Mohhug Heights
476,Leona,26,735 Ojdi Place
477,Samuel,30,487 Rummaw Plaza
478,Minnie,36,1231 Ahuira Extension
479,Danny,51,1648 Duwbe Key
480,Lucinda,45,1042 Rumlud Place
481,Connor,63,1613 Lawiw Manor
482,Brian,39,776 Kaulo Trail
483,Etta,18,580 Nujven Parkway
484,Brian,51,532 Ohizi Way
485,Marguerite,60,307 Golic Loop
486,Mamie,30,233 Ridra Trail
487,Isabella,40,878 Olifun Mill
488,Jim,24,401 Humgo Circle
489,May,19,730 Puje View
490,Aiden,36,1542 Huveb Manor
491,Adele,36,847 Bura Avenue
492,Katherine,29,1775 Zatapu Place
493,Barbara,58,522 Lornu Park
494,Myra,60,914 Arzar Key
495,Minnie,22,1610 Ivbon River
496,Luis,37,1428 Napzoz Terrace
497,Milton,42,140 Naji Pass
498,Eula,58,25 Raepo Lane
499,Franklin,48,648 Ococo Path
500,Gregory,24,1180 Uvigal Path
501,Kevin,19,774 Tujef Park
502,Francisco,57,848 Gohvi Park
503,Randall,51,604 Rukezu Mill
504,Russell,45,308 Seffo Pike
505,Rebecca,45,1147 Wizsir Road
506,Violet,44,908 Ekobed Grove
507,Nettie,32,898 Taadi Pike
508,Jay,36,134 Urusia Heights
509,William,25,1712 Maplij Parkway
510,Fanny,49,280 Tomes Turnpike
511,Aaron,48,575 Gahig Ridge
512,Rhoda,52,1216 Binguf Parkway
513,Susan,32,573 Ugab Center
514,Sally,27,1764 Ucitu Square
515,Gary,55,66 Gocgen Plaza
516,Cordelia,58,1923 Calmuj Park
517,Isabella,38,1184 Ivuila Mill
518,Rosetta,20,87 Ebri Loop
519,Lora,23,1392 Asove View
520,Stella,42,64 Gofi Avenue
521,Edward,42,1955 Origa Square
522,Fanny,39,561 Sewkut Center
523,Emma,59,801 Devez Highway
524,Abbie,35,44 Nagjab View
525,Frank,43,1702 usiaeje Court
526,Gary,56,1471 Bohu Court
527,Virgie,63,823 Fole Ridge
528,Mamie,40,604 Amivun Ridge
529,Timothy,18,945 Cagbi Way
530,Brian,37,1265 Tigom Heights
531,Blanche,30,800 Evwog Plaza
532,Brian,56,132 Azfi Highway
533,Miguel,21,1120 Hawbi Path
534,Amy,48,1185 Opfa Highway
535,Harriett,46,1118 Molsar Turnpike
536,Raymond,53,438 Avhog Ridge
537,Rosetta,39,1184 Orvi Avenue
538,Delia,42,444 Fige Place
539,Randy,37,1712 Emano Street
540,Maud,52,1557 usiamuk Place
541,Lula,65,1405 Vila Heights
542,Lora,55,1448 Tamwab Glen
543,Clarence,29,1265 Puse Loop
544,Lucinda,35,1755 Valed Key
545,Harry,28,812 Ibsal Lane
546,Herbert,27,475 Legjaj Loop
547,Mattie,27,613 Abne Heights
548,Gordon,33,547 Didlu Way
549,Darrell,42,667 Beja Lane
550,Phoebe,34,697 Hices Parkway
551,Ivan,33,1540 Idouhu Street
552,Lura,59,1815 Vuljin Pass
553,Hallie,43,344 Capod Boulevard
554,Josephine,30,1278 Daba Mill
555,Bettie,36,819 Cemitu Loop
556,Joe,47,1845 Zuti Manor
557,Donald,37,642 Wiipa Ridge
558,Ethel,65,1163 Jezsi Circle
559,Ella,21,212 Icize Street
560,Genevieve,23,1540 Neve Highway
561,Elva,55,606 Tulrus Place
562,Ophelia,56,1156 Kawa Square
563,Olivia,60,986 Hodare Path
564,Angel,63,921 Heczi Pike
565,Beatrice,65,620 Gefed Loop
566,Landon,54,1095 Fobe River
567,Irene,41,590 Seiz Grove
568,Nancy,31,112 Ofuok Circle
569,Lucille,63,1341 Kutma Way
570,Edward,62,1676 Igoboz Point
571,Hester,40,874 Idile Glen
572,Landon,39,302 Cedgif Junction
573,Larry,57,1445 Milbiz Avenue
574,Sophie,22,381 Nuok Pike
575,Jennie,51,803 Fawpar Terrace
576,Robert,19,380 Pihib Pike
577,Marc,29,572 Tara Trail
578,Nora,41,157 Godrez Manor
579,Luke,46,218 Jufu Turnpike
580,Mollie,31,355 Ulufa Plaza
581,Clifford,32,1471 Tuvec Avenue
582,Howard,32,535 Abofan Boulevard
583,Herbert,50,1179 Uloka Mill
584,Eunice,50,317 Popow Road
585,Walter,34,669 Tagfu Terrace
586,Ivan,35,340 Vaes Grove
587,Amanda,39,1875 Calnu Trail
588,Terry,21,324 Ufepig Highway
589,Mario,54,1391 Labul Drive
590,Jared,29,1097 Dojpu Turnpike
591,Richard,47,1147 Ifisep Pass
592,Lois,59,187 Puljop Boulevard
593,Benjamin,50,1898 Laffu Junction
594,Glen,58,370 Jugnec Manor
595,Keith,19,1416 Amoum Heights
596,Emilie,36,1597 Nahef Extension
597,Susie,43,985 Rashij Grove
598,Nell,35,1843 Tubov Way
599,Beulah,35,856 Cinjo Place
600,Harold,21,911 Wikdub Circle
601,Alvin,45,253 Labbeg Grove
602,Esther,59,724 Deuk Circle
603,Leo,58,22 Gefbu Parkway
604,Ralph,59,258 Tobja Manor
605,Manuel,24,1605 Libi Square
606,Nina,19,1491 Ufzi Ridge
607,Eugene,41,926 Sido Point
608,Arthur,53,656 Rusni Grove
609,Eugene,22,669 Zibad Center
610,Gilbert,49,1622 Ahade Place
611,Justin,34,868 Visam River
612,Elsie,34,322 Ramfev Junction
613,Mary,57,193 Debu Boulevard
614,Lily,65,531 Jejvu Loop
615,Rena,35,1089 Tare Extension
616,Marcus,39,1628 Teju Ridge
617,Ophelia,57,1157 Lutbo Avenue
618,Cameron,49,1754 Edwaw Plaza
619,Elizabeth,45,927 Fanis Extension
620,Lewis,27,1986 Fetnat Pike
621,Alvin,31,742 Luog Glen
622,Jayden,65,881 Japdek River
623,Trevor,40,1912 Tovi Way
624,Brent,29,606 Zuuva Parkway
625,Julia,27,1450 Keved Terrace
626,Callie,19,737 Puop Street
627,Nellie,22,863 Mibni Way
628,Josie,39,666 Vojke Key
629,Gussie,18,359 Zudmav Turnpike
630,Theresa,46,1358 Udipu Center
631,Adele,55,255 Jibki Mill
632,Owen,42,528 Pusmep Key
633,Hettie,65,1218 Bame Circle
634,Mary,34,1303 Wesu Terrace
635,Bettie,29,252 Cevsep Trail
636,Clarence,29,240 Ihivi Turnpike
637,Trevor,59,1189 Lilgu Place
638,Isabelle,18,1082 Rucef View
639,Edith,20,1359 Jolcun Parkway
640,Lelia,57,1336 Ogegop Park
641,Genevieve,29,1013 Jeknun Pass
642,Edith,47,955 Zuli Drive
643,Georgia,41,1533 Juepu Court
644,Gregory,30,164 Bieg Ridge
645,Viola,65,1678 Hapip Pike
646,Alvin,31,1319 Rese Path
647,Micheal,25,1937 Iwios Path
648,Elijah,33,1341 Wacve River
649,Derrick,21,1245 Emla Pass
650,Rhoda,22,362 Kevev Extension
651,Earl,55,1763 Dukah Avenue
652,Philip,49,489 Diwme Way
653,Dean,63,377 Gaufo Circle
654,Jon,44,1789 Oruni Parkway
655,Eric,20,1248 Capug Loop
656,Theresa,53,1816 Ecuti River
657,Louisa,57,371 Cane Path
658,Dollie,47,1856 Vunedu Terrace
659,Sean,47,39 Miljik Mill
660,Christian,41,1540 Geciz Glen
661,Lena,42,684 Agaapo Extension
662,Willie,30,754 Avzuh River
663,Vernon,61,1530 Fideb Parkway
664,Alan,65,893 Kaggac Center
665,Frederick,18,1812 Wefa Heights
666,Rosalie,62,1636 Gooh River
667,Gertrude,22,1904 Manak Center
668,Bertha,46,1727 Wudli Road
669,Mitchell,27,717 Cegpi Center
670,Eugenia,40,1518 Jofef Ridge
671,Joe,37,913 Nidjid Place
672,Franklin,55,868 Zorza Street
673,Theresa,31,1058 Wunbi Grove
674,Millie,49,952 Sisleh Loop
675,Calvin,33,926 Dobvap Trail
676,Lily,23,506 Tuges Mill
677,Daisy,21,1463 Juddeh River
678,Lillian,24,1205 Victo Junction
679,John,44,211 Fucfij Street
680,Arthur,53,283 Wonul Park
681,Jared,36,488 Bolni Turnpike
682,Sally,20,256 Lalje Boulevard
683,Louis,43,1966 Daroc Ridge
684,Harvey,63,1209 Inowi Parkway
685,Don,61,1872 Utbu Junction
686,Wayne,42,83 Peje Grove
687,Lydia,65,1104 Tetkoh Point
688,Patrick,25,789 Tezo Park
689,Alejandro,21,1614 Nukoz Boulevard
690,Lula,58,1583 Gokiw Pass
691,Lida,36,1111 Baproj Terrace
692,Philip,39,1862 Hispen Mill
693,Vernon,39,78 Iwiur Terrace
694,Ian,59,1647 Wufuk Center
695,Henry,41,1344 Irapin Junction
696,Nell,55,1050 Suefa Point
697,Maurice,32,1353 Kauj Circle
698,Glenn,65,747 Nodpa Drive
699,Susan,61,1955 Remap Loop
700,Virgie,39,880 Jepra Circle
701,Lottie,26,1796 Copsa Manor
702,Viola,21,1863 Vomi Avenue
703,George,58,1338 Wowcis Turnpike
704,Gilbert,20,1825 Ruri Place
705,Rebecca,19,198 Zala Way
706,Rosie,32,1795 Zewuc Pass
707,Allen,63,922 Pufri Drive
708,Rosetta,64,263 Wosdi Junction
709,Lucinda,29,939 Apedof Drive
710,Dennis,32,53 Wuhow Extension
711,Isaiah,18,773 Nikap Court
712,Emilie,63,1622 Agpe Ridge
713,Don,47,913 Nugab Loop
714,Cory,37,1837 Wizzog Avenue
715,Jimmy,58,22 Folih Key
716,Joshua,26,1301 Fipke Parkway
717,James,62,811 Cunan Place
718,Alvin,32,16 Cupis Glen
719,Mattie,64,872 Nitum Path
720,Blanche,45,67 Jubni Plaza
721,Andrew,42,447 Davoc Glen
722,Ella,60,1413 Uneji Manor
723,Charlie,28,678 Ildot Park
724,Jordan,27,1827 Lowud Loop
725,Charlotte,19,1279 Anilo Center
726,Robert,24,1856 Fides Junction
727,Loretta,63,1521 Sofgip Parkway
728,Austin,26,292 Teipu Manor
729,Olive,61,113 Jose Square
730,Lucas,28,683 Ebzu Point
731,Georgia,55,1008 Feheg Loop
732,Isabelle,38,790 Nezac Grove
733,Irene,34,583 Uluame Way
734,Polly,23,1224 Mikam Pass
735,Gertrude,60,1416 Soti Court
736,Leona,33,179 Zulib Manor
737,Herbert,21,890 Uteso Path
738,Jorge,20,1347 Weme Avenue
739,Oscar,32,469 Movebi Grove
740,Olivia,54,560 Ebusiar Loop
741,Katie,18,85 Vamva Road
742,Emilie,46,370 Kapwu Path
743,Leroy,28,321 Zeti Lane
744,Curtis,49,1184 Selo Pass
745,Jon,62,262 Gepe Highway
746,Warren,42,1829 Rulno Way
747,Devin,31,1510 Ofela View
748,Landon,61,272 Ebuiwu Way
749,Virginia,49,7 Vepi Junction
750,Philip,41,1271 Ujate Center
751,Allen,57,491 Lajit Loop
752,Lena,58,1865 Idifer Junction
753,Phoebe,58,990 Dokuc Pike
754,Kate,43,1297 Hozto Parkway
755,Herman,33,1751 Moremo Avenue
756,Jennie,25,189 Rozjik Loop
757,Shane,39,884 Usauf Terrace
758,Marion,56,707 Vosej Ridge
759,Margaret,18,1153 Pupkaw Lane
760,Gabriel,59,1974 Atoh Road
761,Devin,56,402 Dubme Glen
762,Matilda,32,234 Rumze Trail
763,Darrell,37,625 Suput Lane
764,Ollie,23,587 Bircuc Mill
765,Ruby,48,1775 Reoke Junction
766,Minerva,35,75 Ajoal Court
767,Brent,23,1402 Fuku Junction
768,Nelle,46,295 Coplos Junction
769,Charles,46,816 Satbog Way
770,Jordan,53,1986 Inidom Park
771,Hettie,23,641 Movuc Square
772,Eleanor,27,314 Nefu River
773,Ora,51,1815 Beez Manor
774,Ivan,64,1195 Bihota Square
775,Iva,30,62 Jebo Street
776,Marian,63,536 Mirac Trail
777,Dennis,31,1520 Puna Grove
778,Elva,33,21 Fibca Grove
779,Iva,33,1023 Sikhol River
780,Henry,38,188 Dapiv Path
781,Antonio,52,645 Gibag Square
782,Jose,30,283 Vuoj Ridge
783,Lou,45,283 Vazvu Street
784,Jay,28,20 Ofbus Mill
785,Leroy,19,1998 Giji Glen
786,Angel,33,1622 Wiita Loop
787,Brian,19,1869 Sezeme Lane
788,Isabelle,57,1532 Gugac Heights
789,Noah,47,210 Naij Mill
790,Henry,55,1188 Ilaci Park
791,Joshua,42,1829 Emnoh Center
792,Bruce,34,601 Owlur Terrace
793,Ollie,58,117 Tuzo Key
794,Luke,64,762 Gucpi View
795,Alvin,22,1382 Zokodu Boulevard
796,Florence,54,1852 Vaica Place
797,Nora,61,50 Febre Mill
798,Andre,65,347 Hibor Glen
799,Ronald,62,1479 Erlot Terrace
800,Adeline,34,704 Ezisu View
801,Stanley,23,272 Onouj Point
802,Catherine,29,1734 Doco Center
803,Martha,42,1493 Tocodu Heights
804,Randall,25,912 Huvvo Drive
805,Corey,19,252 Fuban Glen
806,Alejandro,53,968 Nava Boulevard
807,Estelle,43,1548 Fiuha Park
808,Kevin,56,1718 Meke Ridge
809,Stanley,62,1890 Latit Point
810,Phoebe,26,824 Dara Mill
811,Victor,52,417 Ehmuf Square
812,Isabella,55,1667 Inlo Turnpike
813,Todd,18,1686 Gomzu Extension
814,Richard,59,1518 Meuvi Point
815,Vincent,45,1157 Hozuh Trail
816,Bradley,20,1706 Egarom Highway
817,Louisa,28,1683 Borvef Circle
818,Lester,37,555 Reiw Terrace
819,Nora,26,1699 Higbi Loop
820,Nina,50,1827 Rijot Lane
821,Mae,43,524 Laoh Center
822,Max,64,49 Bihos Turnpike
823,Thomas,40,1596 Wuij Trail
824,Alice,51,1110 Fawku Mill
825,Lee,63,760 Nudel Way
826,Gavin,39,324 Sutnom Pass
827,Mattie,28,1923 Cefdib Extension
828,Lucinda,54,17 Zisac Pike
829,Lura,30,937 Siroj Drive
830,Terry,27,1971 Ojufo Park
831,Gilbert,46,50 Racic View
832,Floyd,47,1825 Fohe Square
833,Bessie,21,464 Vomof Turnpike
834,Ann,36,509 Faedi Mill
835,Isaiah,53,429 Tobaw Ridge
836,Harvey,57,1423 Ekiol Square
837,Clara,60,1486 Dosmo Way
838,Connor,38,389 Rinna Path
839,Lily,22,1228 Cicka River
840,Iva,39,857 Serupo Junction
841,Luke,41,1463 Tuzna Mill
842,Martha,64,599 Latce Key
843,Jacob,24,1852 Fedo Ridge
844,Nannie,56,445 Niecu Turnpike
845,Polly,65,651 Nuho Ridge
846,Lora,21,1595 Foku Lane
847,Jeffrey,38,1679 Infu Point
848,Chad,64,466 Realu Mill
849,Barry,58,1410 Degki Pass
850,Jack,39,1921 Pibra Boulevard
851,Myra,27,1671 Cuif Pike
852,Sean,45,1424 Bujiv Circle
853,Bryan,61,535 Zumu Key
854,Florence,50,202 Jojok Point
855,Myrtie,43,727 Zideci River
856,Amanda,58,54 Matzir Road
857,Bessie,46,544 Cigwu Court
858,Bradley,52,1679 Foezo Manor
859,Bettie,44,1948 Cuklu Square
860,Lora,32,690 Raco Mill
861,Helen,58,1693 Juwbap Junction
862,Martin,37,1552 Atno Plaza
863,Maud,25,1580 Metus Extension
864,Gussie,46,1466 Vezha Road
865,Ruth,53,1810 Kiud Street
866,Ian,27,979 Utecag Glen
867,Benjamin,21,1652 Lonice Pass
868,Thomas,26,1652 Lecuw Pike
869,Lilly,21,1737 Gaabu Parkway
870,Ida,38,72 Wupha View
871,Lena,21,421 Jivneh Key
872,Garrett,56,1994 Gemug View
873,Lucy,50,1339 Teca Street
874,Trevor,32,1622 Isupa Glen
875,Fannie,46,1924 Zevsu Path
876,Cameron,34,1420 Ocbo Park
877,Ethel,49,1272 Rukrej Drive
878,Mabel,44,692 Rouru Lane
879,Adam,65,564 Zutzig Plaza
880,Austin,20,1566 Gojweb Pike
881,Charlie,63,1260 Umoni Pass
882,Stanley,64,165 Nagam View
883,May,23,902 Korim Terrace
884,Lucy,25,1079 Hapje Avenue
885,Phillip,52,711 Cuzeg Loop
886,Hunter,49,1576 Fosot Heights
887,Sarah,61,1323 Zirita Heights
888,Rosetta,28,1829 Wedva Highway
889,Gordon,23,1505 Netnu Circle
890,Julian,54,1555 Jemmij Terrace
891,Hattie,35,72 Okise Boulevard
892,Ray,32,1421 Povo Pass
893,Charlotte,55,1679 Cepra Key
894,Jane,18,1867 Tetoh View
895,Philip,22,635 Rija Glen
896,Lilly,43,62 Gopfik Court
897,Maude,19,1566 Ropcun Drive
898,Mae,62,926 Obazij Square
899,Jorge,50,975 Kuga Loop
900,Wayne,22,1458 Fame Manor
901,Rachel,25,512 Maar Heights
902,Mattie,33,1015 Fuuc Boulevard
903,Stephen,36,836 Cipis Terrace
904,Tony,36,376 Hezaz Manor
905,Florence,38,798 Kuso Glen
906,Leonard,42,1852 Sora Circle
907,Carrie,50,175 Dohzer Trail
908,Verna,30,1850 Uduh River
909,Leonard,42,625 Oroka Drive
910,Olivia,55,1319 Kias Mill
911,Alice,59,675 Heka Highway
912,Clara,55,1643 Lawpo Center
913,Lucas,65,155 Puul River
914,Helena,47,809 Gera Street
915,Troy,64,558 Nemog Court
916,Austin,63,67 Reaf Mill
917,Eula,62,1689 Uvuog Turnpike
918,Antonio,58,250 Digiv Road
919,Alejandro,31,460 Calif Lane
920,Iva,56,1418 Akca Terrace
921,Dustin,21,1234 Adto Point
922,Austin,33,66 Fuov Grove
923,Ivan,27,857 Gooti Parkway
924,Fanny,60,1806 Jorlo Court
925,Ellen,43,60 Ojama Avenue
926,Dominic,65,63 Gujbup Pike
927,Maude,24,1278 Buri Court
928,Loretta,61,1259 Sajot Pass
929,Ethel,38,1372 Ivean Lane
930,Jayden,24,956 Iluraw Mill
931,Hester,34,1202 Jimpum Path
932,David,62,1343 Vivleb Grove
933,Jerry,35,144 Nago Loop
934,Johnny,36,397 Ludcon Heights
935,Kyle,47,176 Olimi Glen
936,Cornelia,56,507 Wevu Highway
937,Janie,30,1190 Badu Mill
938,Francisco,63,431 Sumwi Lane
939,Julia,32,1802 Natgoc Trail
940,Billy,30,59 Zofa Terrace
941,Jennie,47,1108 Setah Parkway
942,Ora,25,182 Dufeb Place
943,Ricky,39,1857 Ruhe Plaza
944,Lizzie,39,1667 Jaur Street
945,Elijah,62,1783 Vebo Trail
946,Vernon,37,320 Wino Grove
947,Andrew,26,1826 Pemu Ridge
948,Melvin,34,1290 Wafuna Boulevard
949,Alex,45,940 Poer Parkway
950,Owen,56,1434 Jaob Turnpike
951,Dean,57,230 Wobej Key
952,Polly,40,709 Winga Court
953,Larry,30,1510 Ufidut Court
954,Paul,31,1447 Orbo View
955,Emma,24,1598 Jubraf Turnpike
956,Gussie,39,408 Zuvuw Place
957,Norman,62,264 Amaeg Ridge
958,Roxie,62,847 Vuvdu Parkway
959,Estelle,55,612 Efapa Terrace
960,Amelia,43,1116 Voznur Park
961,Chase,40,1871 Batruh Grove
962,Chester,24,941 Tufu Turnpike
963,Lena,28,1027 Obug Way
964,Frederick,57,1305 Habo Junction
965,Iva,37,331 Mupozu Extension
966,Lura,45,333 Dajaw Road
967,Edwin,29,1702 Sotab Court
968,Celia,50,283 Pawko Point
969,Lee,52,1741 Belmat Place
970,Jeff,51,384 Opuog Ridge
971,Charlotte,30,167 Ciwmoj Lane
972,Vera,28,1129 Fahi Highway
973,Hunter,39,1531 Zarzuv Glen
974,Lela,18,228 Zitjic Loop
975,Winifred,38,40 Puba Circle
976,Isaiah,45,1566 Kuvjon Heights
977,Susie,49,113 Iwogo View
978,Leroy,53,579 Fojek Lane
979,Ophelia,51,787 Kafil Extension
980,Edgar,63,1909 Dupwas Ridge
981,Francis,35,127 Aporof River
982,Isaiah,48,1558 Rocgub Turnpike
983,Isabella,62,127 Tojlof River
984,Vera,40,1986 Kore Center
985,May,45,544 Zidsij Junction
986,Leona,46,92 Ketfok Heights
987,Minerva,53,1397 Orwag Way
988,Marion,55,844 Tuje Path
989,Marion,49,596 Denud Pass
990,Travis,51,472 Tidvun Key
991,Pearl,60,1985 Tolo Junction
992,Glenn,32,342 Fuis Path
993,Leo,48,276 Ubcog Terrace
994,Nettie,39,1296 Kilhib Heights
995,Mildred,42,1402 Widi Highway
996,Christine,52,1380 Becor Grove
997,Patrick,18,1049 Invem Pike
998,Eliza,64,664 Boso Grove
999,Ryan,27,1670 Merhig Street
1000,Howard,48,249 Heptu Circle
